{
  "probe": {
    "fractional_ratio_r2": {
      "mean": 0.34661818742752076,
      "std": 0.24201131034786638
    },
    "residue_mod_2_accuracy": {
      "mean": 0.6584784951296643,
      "std": 0.19714899255700602,
      "chance": 0.5
    },
    "residue_mod_3_accuracy": {
      "mean": 0.2960294737039351,
      "std": 0.05867144565770022,
      "chance": 0.3333333333333333
    },
    "residue_mod_5_accuracy": {
      "mean": 0.2009815766637267,
      "std": 0.017623399192799608,
      "chance": 0.2
    },
    "residue_mod_7_accuracy": {
      "mean": 0.13640209125542757,
      "std": 0.008710020506443613,
      "chance": 0.14285714285714285
    }
  },
  "clustering": {
    "n_clusters": 8,
    "pca_explained_variance": [
      0.08564809709787369,
      0.07861817628145218,
      0.0676993802189827,
      0.06456971913576126,
      0.06285478919744492,
      0.056978270411491394,
      0.05403454601764679,
      0.04730014503002167,
      0.04369287192821503,
      0.039407920092344284
    ],
    "cluster_stats": {
      "0": {
        "size": 2636,
        "k_distribution": {
          "3": 1,
          "4": 4,
          "5": 9,
          "6": 28,
          "7": 40,
          "8": 44,
          "9": 104,
          "10": 78,
          "11": 140,
          "12": 151,
          "13": 73,
          "14": 120,
          "15": 211,
          "16": 220,
          "17": 499,
          "18": 360,
          "19": 146,
          "20": 408
        },
        "mean_residue": 61482644.0,
        "std_residue": 134050408.0,
        "zero_residue_count": 0
      },
      "1": {
        "size": 2158,
        "k_distribution": {
          "4": 5,
          "5": 7,
          "6": 3,
          "7": 13,
          "8": 29,
          "9": 41,
          "10": 47,
          "11": 91,
          "12": 130,
          "13": 44,
          "14": 109,
          "15": 183,
          "16": 237,
          "17": 323,
          "18": 558,
          "19": 88,
          "20": 250
        },
        "mean_residue": 53600204.0,
        "std_residue": 115996224.0,
        "zero_residue_count": 0
      },
      "2": {
        "size": 2353,
        "k_distribution": {
          "8": 1,
          "9": 1,
          "10": 1,
          "11": 6,
          "12": 16,
          "13": 43,
          "14": 91,
          "15": 93,
          "16": 301,
          "17": 257,
          "18": 766,
          "19": 462,
          "20": 315
        },
        "mean_residue": 149991360.0,
        "std_residue": 217134896.0,
        "zero_residue_count": 0
      },
      "3": {
        "size": 2510,
        "k_distribution": {
          "5": 1,
          "7": 6,
          "8": 4,
          "9": 6,
          "10": 28,
          "11": 58,
          "12": 83,
          "13": 122,
          "14": 187,
          "15": 236,
          "16": 282,
          "17": 463,
          "18": 578,
          "19": 241,
          "20": 215
        },
        "mean_residue": 82320152.0,
        "std_residue": 167972048.0,
        "zero_residue_count": 0
      },
      "4": {
        "size": 2128,
        "k_distribution": {
          "3": 4,
          "5": 1,
          "6": 3,
          "7": 3,
          "8": 3,
          "9": 3,
          "10": 16,
          "11": 21,
          "12": 96,
          "13": 195,
          "14": 179,
          "15": 293,
          "16": 322,
          "17": 377,
          "18": 280,
          "19": 161,
          "20": 171
        },
        "mean_residue": 65653112.0,
        "std_residue": 153176704.0,
        "zero_residue_count": 0
      },
      "5": {
        "size": 2361,
        "k_distribution": {
          "7": 1,
          "9": 1,
          "10": 5,
          "11": 2,
          "12": 9,
          "13": 90,
          "14": 250,
          "15": 183,
          "16": 415,
          "17": 383,
          "18": 660,
          "19": 259,
          "20": 103
        },
        "mean_residue": 87826512.0,
        "std_residue": 176425296.0,
        "zero_residue_count": 0
      },
      "6": {
        "size": 2425,
        "k_distribution": {
          "7": 1,
          "8": 5,
          "10": 14,
          "11": 23,
          "12": 28,
          "13": 28,
          "14": 75,
          "15": 122,
          "16": 168,
          "17": 389,
          "18": 937,
          "19": 302,
          "20": 333
        },
        "mean_residue": 110976200.0,
        "std_residue": 183190928.0,
        "zero_residue_count": 0
      },
      "7": {
        "size": 2197,
        "k_distribution": {
          "4": 2,
          "6": 1,
          "7": 1,
          "8": 3,
          "9": 1,
          "10": 23,
          "11": 14,
          "12": 69,
          "13": 152,
          "14": 177,
          "15": 187,
          "16": 394,
          "17": 222,
          "18": 287,
          "19": 329,
          "20": 335
        },
        "mean_residue": 117957240.0,
        "std_residue": 200100912.0,
        "zero_residue_count": 1
      }
    }
  },
  "feature_importance": {
    "base_r2": 0.8472627401351929,
    "top_dimensions": [
      64,
      101,
      50,
      117,
      107,
      58,
      18,
      69,
      55,
      12,
      6,
      68,
      99,
      75,
      29,
      11,
      62,
      112,
      76,
      89
    ],
    "top_importances": [
      0.12681853771209717,
      0.036384403705596924,
      0.0327799916267395,
      0.03262871503829956,
      0.03171741962432861,
      0.03066384792327881,
      0.02863866090774536,
      0.02837085723876953,
      0.027123689651489258,
      0.027091681957244873,
      0.02707219123840332,
      0.02685147523880005,
      0.026296138763427734,
      0.02592986822128296,
      0.02185457944869995,
      0.021830320358276367,
      0.018020033836364746,
      0.016903042793273926,
      0.016427338123321533,
      0.01623213291168213
    ]
  },
  "cross_k": {
    "3": {
      "train_r2": 0.8476874828338623,
      "test_r2": -1.0745151042938232,
      "generalization_gap": 1.9222025871276855,
      "n_train": 18763,
      "n_test": 5
    },
    "4": {
      "train_r2": 0.8476544618606567,
      "test_r2": 0.08454024791717529,
      "generalization_gap": 0.7631142139434814,
      "n_train": 18757,
      "n_test": 11
    },
    "5": {
      "train_r2": 0.8481810092926025,
      "test_r2": -0.16138243675231934,
      "generalization_gap": 1.0095634460449219,
      "n_train": 18750,
      "n_test": 18
    },
    "6": {
      "train_r2": 0.847906768321991,
      "test_r2": -0.11577010154724121,
      "generalization_gap": 0.9636768698692322,
      "n_train": 18733,
      "n_test": 35
    },
    "7": {
      "train_r2": 0.8487740755081177,
      "test_r2": -0.022509217262268066,
      "generalization_gap": 0.8712832927703857,
      "n_train": 18703,
      "n_test": 65
    },
    "8": {
      "train_r2": 0.8482499718666077,
      "test_r2": 0.15978479385375977,
      "generalization_gap": 0.6884651780128479,
      "n_train": 18679,
      "n_test": 89
    },
    "9": {
      "train_r2": 0.8518745303153992,
      "test_r2": 0.1760263442993164,
      "generalization_gap": 0.6758481860160828,
      "n_train": 18611,
      "n_test": 157
    },
    "10": {
      "train_r2": 0.8506379127502441,
      "test_r2": 0.483227014541626,
      "generalization_gap": 0.36741089820861816,
      "n_train": 18556,
      "n_test": 212
    },
    "11": {
      "train_r2": 0.8440446853637695,
      "test_r2": -1.2971091270446777,
      "generalization_gap": 2.1411538124084473,
      "n_train": 18413,
      "n_test": 355
    },
    "12": {
      "train_r2": 0.8539894223213196,
      "test_r2": -1.3160367012023926,
      "generalization_gap": 2.170026123523712,
      "n_train": 18186,
      "n_test": 582
    },
    "13": {
      "train_r2": 0.8549527525901794,
      "test_r2": -0.15919709205627441,
      "generalization_gap": 1.0141498446464539,
      "n_train": 18021,
      "n_test": 747
    },
    "14": {
      "train_r2": 0.8510462045669556,
      "test_r2": -0.6437432765960693,